method,family,group,median_prob,laplacian_var,hf_energy
SiT,synthesis,heldout,0.4952472,17.230896156363467,0.1583041474223137
sadtalker,reenactment,heldout,0.06280989,18.118241823697677,0.15067438781261444
fomm,reenactment,heldin,0.95329064,19.24653417892329,0.15166941285133362
cdf_synthesis,swap_learned,heldout,0.822810015,19.54100984397008,0.15439297258853912
hyperreenact,reenactment,heldout,0.9005612,20.41583494621731,0.15097711980342865
inswap,swap_learned,heldout,0.304529695,22.519118871454495,0.15909121185541153
StyleGAN3,synthesis,heldout,0.97365373,22.53433506849258,0.14602220803499222
simswap,swap_learned,heldout,0.58233895,26.93308720872681,0.15135162323713303
uniface,swap_learned,heldout,0.7988651250000001,28.40192362468772,0.14332301169633865
deepfacelab,swap_graphics,heldout,0.9137042,33.80331967285105,0.17365051060914993
dfdcp_fake,swap_learned,heldout,0.93536776,34.62688670501963,0.16952209174633026
e4s,swap_learned,heldout,0.9777215,44.895327172047,0.18202795833349228
mcnet,reenactment,heldout,0.50219353,49.50480931920342,0.16161611676216125
uadfv_fake,swap_graphics,heldout,0.95259005,51.48490755421973,0.18361525982618332
VQGAN,synthesis,valunseen,0.9920648,57.37382935583963,0.16592258214950562
NeuralTextures,reenactment,heldout,0.271707655,58.80369703772662,0.1650318130850792
DiT,synthesis,heldin,0.7663566,58.86703766350546,0.16760171949863434
StyleGAN2,synthesis,heldin,0.99380916,64.61852203037083,0.16757763922214508
FaceShifter,swap_learned,heldout,0.9005612,65.76701274647012,0.17148254811763763
facedancer,swap_learned,heldin,0.90468085,72.9198929722336,0.1787429079413414
real,real,heldout,0.09141129,73.6372002159144,0.18421226739883423
mobileswap,swap_learned,valunseen,0.9606697,76.21172210029243,0.1837707683444023
faceswap,swap_graphics,heldin,0.9817421,83.38096304765992,0.17734362185001373
DeepFakeDetection,swap_graphics,heldout,0.8940827200000001,85.72925153189726,0.19051574170589447
FaceSwap,swap_graphics,valunseen,0.98385274,86.68238930084566,0.1819235235452652
Deepfakes,swap_graphics,heldin,0.9884958,89.76168758558364,0.17954006791114807
Face2Face,reenactment,heldin,0.88246435,97.07633377382626,0.1821606084704399
fsgan,swap_learned,heldin,0.98737943,99.4410372608555,0.175943985581398
stargan,synthesis,heldout,0.9828293,101.08448190681142,0.19769427180290222
blendface,swap_learned,heldin,0.9230641,106.2390054069624,0.172679103910923
tpsm,reenactment,valunseen,0.883269845,114.90462962650648,0.16910048574209213
wav2lip,reenactment,heldin,0.44670262000000005,120.10783241233048,0.1843394637107849
lia,reenactment,heldin,0.9511586,124.54256677667283,0.17330196499824524
facevid2vid,reenactment,heldin,0.95259005,126.84830383497791,0.1524154245853424
ddim,synthesis,heldin,0.9817421,133.6431058874134,0.24896463751792908
heygen_new,reenactment,heldout,0.12988378,135.63474015800318,0.21827560663223267
styleclip,synthesis,heldout,0.9546626,185.77540828207543,0.2825445681810379
starganv2,synthesis,heldout,0.8141059,197.79728872207045,0.25064873695373535
CollabDiff,synthesis,heldout,0.92361527,225.5567234044073,0.2986474931240082
whichfaceisreal,synthesis,heldout,0.30246523,381.567927978576,0.32232651114463806
MidJourney,synthesis,heldout,0.046740614,489.240476610461,0.3137136548757553
