method,family,n_videos,median_spread,median_mouth_share,median_frame_gap,temporal_auc,adjacent_auc
sadtalker,reenactment,100,2.986015558242798,0.15936723351478577,19.0,0.9917,0.9476
hyperreenact,reenactment,100,6.944906234741211,0.12360717728734016,31.0,0.8566999999999999,0.8514
cdf_synthesis,swap_learned,100,12.635160446166992,0.10881484672427177,96.0,0.6409,0.5002
facevid2vid,reenactment,100,13.702517032623291,0.08395605906844139,54.0,0.5597000000000001,0.4317
fomm,reenactment,100,15.036712646484375,0.08010153844952583,129.5,0.5196000000000001,0.44580000000000003
deepfacelab,swap_graphics,19,14.70112419128418,0.09027921408414841,29.0,0.5063157894736843,0.6263157894736842
inswap,swap_learned,79,17.00710678100586,0.09815818816423416,48.0,0.4716455696202532,0.45708860759493675
Deepfakes,swap_graphics,100,17.07925796508789,0.08000466227531433,60.5,0.44239999999999996,0.4041
e4s,swap_learned,69,16.589675903320312,0.09943679720163345,48.0,0.43869565217391304,0.44630434782608697
mcnet,reenactment,100,17.01997470855713,0.09674985334277153,126.5,0.43850000000000006,0.40085
Face2Face,reenactment,100,17.676055908203125,0.08273335918784142,60.5,0.43320000000000003,0.39170000000000005
dfdcp_fake,swap_learned,100,17.473024368286133,0.0809413269162178,58.0,0.43099999999999994,0.40240000000000004
uadfv_fake,swap_graphics,11,19.755821228027344,0.07226763665676117,24.0,0.42272727272727273,0.4418181818181818
facedancer,swap_learned,100,17.748051643371582,0.08576382324099541,54.0,0.40940000000000004,0.3462
FaceShifter,swap_learned,100,18.226529121398926,0.08224666491150856,61.0,0.4076,0.3536
NeuralTextures,reenactment,100,18.70584201812744,0.08459129929542542,49.5,0.4068,0.38089999999999996
faceswap,swap_graphics,100,18.415769577026367,0.08949006348848343,48.0,0.4037,0.3452
mobileswap,swap_learned,100,17.952085494995117,0.0819907858967781,54.0,0.40209999999999996,0.34909999999999997
simswap,swap_learned,100,19.78160572052002,0.10474441945552826,45.0,0.3731,0.4084
fsgan,swap_learned,100,19.325966835021973,0.0855863019824028,61.5,0.37220000000000003,0.3018
FaceSwap,swap_graphics,100,19.322489738464355,0.08699927106499672,52.0,0.3687,0.35860000000000003
wav2lip,reenactment,100,19.763011932373047,0.08559243753552437,20.0,0.35700000000000004,0.36650000000000005
uniface,swap_learned,100,19.73415756225586,0.10539120808243752,48.0,0.34279999999999994,0.3773
tpsm,reenactment,100,19.59462547302246,0.06418076902627945,128.5,0.3364,0.2612
blendface,swap_learned,100,20.415904998779297,0.08633167296648026,53.5,0.33559999999999995,0.27790000000000004
lia,reenactment,100,21.321260452270508,0.060320885851979256,53.5,0.3215,0.26940000000000003
DeepFakeDetection,swap_graphics,99,26.295677185058594,0.08492229133844376,86.0,0.18181818181818182,0.18515151515151515
